{"train/loss": 1.1662, "train/grad_norm": 0.9406575560569763, "train/learning_rate": 0.0, "train/epoch": 1.0, "train/global_step": 6500, "_timestamp": 1709912748.6964264, "_runtime": 8278.34487938881, "_step": 6500, "train/train_runtime": 8278.3873, "train/train_samples_per_second": 6.282, "train/train_steps_per_second": 0.785, "train/total_flos": 1.1178797600919552e+17, "train/train_loss": 0.9965010606188041}