{"train/loss": 0.8902, "train/grad_norm": 0.473601371049881, "train/learning_rate": 2.26989546637263e-06, "train/epoch": 1.0, "train/global_step": 214, "_timestamp": 1709488052.3019037, "_runtime": 6440.416917800903, "_step": 2, "train/train_runtime": 6440.427, "train/train_samples_per_second": 0.532, "train/train_steps_per_second": 0.033, "train/total_flos": 1.1176887548116992e+17, "train/train_loss": 0.9909631069575515}