{"train/loss": 0.583, "train/grad_norm": 0.7645873427391052, "train/learning_rate": 0.0, "train/epoch": 3.57, "train/global_step": 1500, "_timestamp": 1709562251.652358, "_runtime": 22590.546028137207, "_step": 1500, "train/train_runtime": 22590.5539, "train/train_samples_per_second": 0.531, "train/train_steps_per_second": 0.066, "train/total_flos": 3.9287298981888e+17, "train/train_loss": 0.6914708603223165}