{"train/loss": 1.0646, "train/grad_norm": 1.6508716344833374, "train/learning_rate": 0.00010139621803391455, "train/epoch": 0.08, "train/global_step": 546, "_timestamp": 1709891642.7099483, "_runtime": 970.51655626297, "_step": 545}