{"train/loss": 0.8256, "train/grad_norm": 0.5915442705154419, "train/learning_rate": 0.0, "train/epoch": 1.0, "train/global_step": 214, "_timestamp": 1709498855.3712509, "_runtime": 6439.234569787979, "_step": 214, "train/train_runtime": 6439.2682, "train/train_samples_per_second": 0.532, "train/train_steps_per_second": 0.033, "train/total_flos": 1.1176887548116992e+17, "train/train_loss": 0.9938604859548195}