{"train/loss": 0.9055, "train/grad_norm": 6.024446487426758, "train/learning_rate": 0.00015020139769533603, "train/epoch": 1.91, "train/global_step": 599, "_timestamp": 1709615692.424786, "_runtime": 9212.675148010254, "_step": 598}