{"train/loss": 0.7307, "train/grad_norm": 9.632599830627441, "train/learning_rate": 0.0, "train/epoch": 4.78, "train/global_step": 1500, "_timestamp": 1709597334.059695, "_runtime": 23550.307908058167, "_step": 1500, "train/train_runtime": 22892.8948, "train/train_samples_per_second": 0.524, "train/train_steps_per_second": 0.066, "train/total_flos": 4.123860185476301e+17, "train/train_loss": 0.895060216387113}