{"train/loss": 0.8607, "train/grad_norm": 0.6038671135902405, "train/learning_rate": 6.666666666666667e-05, "train/epoch": 0.12, "train/global_step": 50, "_timestamp": 1709535044.489171, "_runtime": 755.2999310493469, "_step": 49}