{"train/loss": 1.1714, "train/grad_norm": 0.9238348603248596, "train/learning_rate": 0.0, "train/epoch": 1.0, "train/global_step": 6500, "_timestamp": 1709833324.0153053, "_runtime": 9045.791864395142, "_step": 6500, "train/train_runtime": 9045.8001, "train/train_samples_per_second": 5.749, "train/train_steps_per_second": 0.719, "train/total_flos": 1.1106855784022016e+17, "train/train_loss": 1.0066467405144985}