{"train/loss": 0.8584, "train/grad_norm": 0.3143724501132965, "train/learning_rate": 0.0, "train/epoch": 1.59, "train/global_step": 500, "_timestamp": 1709637078.1936626, "_runtime": 8210.953755617142, "_step": 500, "train/train_runtime": 8210.9614, "train/train_samples_per_second": 0.487, "train/train_steps_per_second": 0.061, "train/total_flos": 1.3736828014166016e+17, "train/train_loss": 0.9515073546171189}