{"train/loss": 0.4381, "train/grad_norm": 1.7265625, "train/learning_rate": 0.0, "train/rewards/chosen": 0.0014909449964761734, "train/rewards/rejected": -1.251990556716919, "train/rewards/accuracies": 0.875, "train/rewards/margins": 1.2534815073013306, "train/logps/rejected": -258.205810546875, "train/logps/chosen": -220.2592010498047, "train/logits/rejected": -0.8554080128669739, "train/logits/chosen": -0.7570822834968567, "train/epoch": 0.65, "train/global_step": 500, "_timestamp": 1710161624.5350044, "_runtime": 8141.796340465546, "_step": 500, "train/train_runtime": 8141.8234, "train/train_samples_per_second": 0.983, "train/train_steps_per_second": 0.061, "train/total_flos": 0.0, "train/train_loss": 0.4499600917547941}