{"train/loss": 0.8843, "train/grad_norm": 1.3471540212631226, "train/learning_rate": 0.0, "train/epoch": 0.08, "train/global_step": 500, "_timestamp": 1709702052.786, "_runtime": 617.5826051235199, "_step": 500, "train/train_runtime": 617.5929, "train/train_samples_per_second": 6.477, "train/train_steps_per_second": 0.81, "train/total_flos": 8598835097825280.0, "train/train_loss": 1.1412879523038864}