{"train/loss": 1.3595, "train/grad_norm": 320.9096374511719, "train/learning_rate": 0.0, "train/epoch": 0.08, "train/global_step": 500, "_timestamp": 1709573264.1148667, "_runtime": 625.8240277767181, "_step": 500, "train/train_runtime": 625.8497, "train/train_samples_per_second": 6.391, "train/train_steps_per_second": 0.799, "train/total_flos": 1.03476056957952e+16, "train/train_loss": 0.9539336386919022}