{"train/loss": 9.1098, "train/grad_norm": 128039.5234375, "train/learning_rate": 0.0, "train/epoch": 0.08, "train/global_step": 500, "_timestamp": 1709571249.1899605, "_runtime": 632.5199644565582, "_step": 500, "train/train_runtime": 632.5282, "train/train_samples_per_second": 6.324, "train/train_steps_per_second": 0.79, "train/total_flos": 1.03476056957952e+16, "train/train_loss": 3.6351940039396284}