{"train/loss": 1.6306, "train/grad_norm": 14.3125, "train/learning_rate": 0.0, "train/rewards/chosen": -0.7354744672775269, "train/rewards/rejected": -0.8575730323791504, "train/rewards/accuracies": 0.75, "train/rewards/margins": 0.12209857255220413, "train/logps/rejected": -253.80020141601562, "train/logps/chosen": -363.655517578125, "train/logits/rejected": -0.9385428428649902, "train/logits/chosen": -0.906840980052948, "train/epoch": 0.32, "train/global_step": 500, "_timestamp": 1710591899.9274526, "_runtime": 3935.4815006256104, "_step": 500, "train/train_runtime": 3935.5075, "train/train_samples_per_second": 1.016, "train/train_steps_per_second": 0.127, "train/total_flos": 0.0, "train/train_loss": 0.45014474414661526}