{"train/loss": 0.3676, "train/learning_rate": 0.0, "train/rewards/chosen": -0.1502479910850525, "train/rewards/rejected": -1.3398942947387695, "train/rewards/accuracies": 0.875, "train/rewards/margins": 1.1896463632583618, "train/logps/rejected": -227.29293823242188, "train/logps/chosen": -247.17449951171875, "train/logits/rejected": 1.1013731956481934, "train/logits/chosen": 1.2096011638641357, "train/epoch": 0.12, "train/global_step": 200, "_timestamp": 1709044520.6532202, "_runtime": 1446.9644162654877, "_step": 200, "train/train_runtime": 1446.9904, "train/train_samples_per_second": 1.106, "train/train_steps_per_second": 0.138, "train/total_flos": 0.0, "train/train_loss": 0.6035747930407525}