{"train/loss": 1.4553, "train/grad_norm": 8.0625, "train/learning_rate": 0.0, "train/rewards/chosen": -1.0167291164398193, "train/rewards/rejected": -1.3001242876052856, "train/rewards/accuracies": 0.75, "train/rewards/margins": 0.2833952009677887, "train/logps/rejected": -290.45623779296875, "train/logps/chosen": -421.8515625, "train/logits/rejected": -0.864970326423645, "train/logits/chosen": -0.7789585590362549, "train/epoch": 0.32, "train/global_step": 500, "_timestamp": 1710169636.0308037, "_runtime": 3669.5804126262665, "_step": 500, "train/train_runtime": 3669.6092, "train/train_samples_per_second": 1.09, "train/train_steps_per_second": 0.136, "train/total_flos": 0.0, "train/train_loss": 0.4601306058913469}