{"train/loss": 1.1499, "train/grad_norm": 1.1228166818618774, "train/learning_rate": 1.066666666666667e-06, "train/epoch": 0.0, "train/global_step": 8, "_timestamp": 1709522822.3805006, "_runtime": 17.55403161048889, "_step": 7}