{"train/loss": 5.6549, "train/grad_norm": 92.8526382446289, "train/learning_rate": 0.0, "train/epoch": 0.08, "train/global_step": 500, "_timestamp": 1709693112.3126433, "_runtime": 611.8551263809204, "_step": 500, "train/train_runtime": 611.863, "train/train_samples_per_second": 6.537, "train/train_steps_per_second": 0.817, "train/total_flos": 8598835097825280.0, "train/train_loss": 3.993954635620117}