{"train/loss": 1.0987, "train/grad_norm": 4.161776065826416, "train/learning_rate": 0.00019991228300988585, "train/epoch": 0.02, "train/global_step": 112, "_timestamp": 1709880742.0522978, "_runtime": 220.15119981765747, "_step": 133}