{"train/loss": 0.4819, "train/learning_rate": 0.0, "train/rewards/chosen": -0.416134774684906, "train/rewards/rejected": -1.448970079421997, "train/rewards/accuracies": 0.8125, "train/rewards/margins": 1.0328351259231567, "train/logps/rejected": -198.24951171875, "train/logps/chosen": -140.11480712890625, "train/logits/rejected": 1.0067178010940552, "train/logits/chosen": 0.9906140565872192, "train/epoch": 0.26, "train/global_step": 200, "_timestamp": 1709145472.9551344, "_runtime": 3176.825072288513, "_step": 200, "train/train_runtime": 3176.8465, "train/train_samples_per_second": 1.007, "train/train_steps_per_second": 0.063, "train/total_flos": 0.0, "train/train_loss": 0.48796449936926367}