{"train/loss": 12.2217, "train/grad_norm": Infinity, "train/learning_rate": 8.47457627118644e-06, "train/epoch": 1.0, "train/global_step": 1625, "_timestamp": 1709475067.9626863, "_runtime": 5721.1725952625275, "_step": 16, "train/train_runtime": 5721.183, "train/train_samples_per_second": 9.089, "train/train_steps_per_second": 0.284, "train/total_flos": 1.4481560892604416e+17, "train/train_loss": 10.812347524789663}