{"train/loss": 0.6931, "train/grad_norm": 7.53125, "train/learning_rate": 5.000000000000001e-07, "train/rewards/chosen": 0.0, "train/rewards/rejected": 0.0, "train/rewards/accuracies": 0.0, "train/rewards/margins": 0.0, "train/logps/rejected": -269.616455078125, "train/logps/chosen": -345.93353271484375, "train/logits/rejected": -1.2747827768325806, "train/logits/chosen": -1.3806190490722656, "train/epoch": 0.0, "train/global_step": 1, "_timestamp": 1710587879.2852077, "_runtime": 10.372439861297607, "_step": 0}