{"train/loss": 1.0285, "train/grad_norm": 1.6228177547454834, "train/learning_rate": 0.00010139621803391455, "train/epoch": 0.08, "train/global_step": 546, "_timestamp": 1709901922.412515, "_runtime": 863.9175498485565, "_step": 561}