{"train/loss": 0.6047, "train/grad_norm": 4.84375, "train/learning_rate": 0.0, "train/rewards/chosen": 0.07046850025653839, "train/rewards/rejected": -1.206733226776123, "train/rewards/accuracies": 0.875, "train/rewards/margins": 1.2772016525268555, "train/logps/rejected": -258.7701416015625, "train/logps/chosen": -220.33843994140625, "train/logits/rejected": -0.20969735085964203, "train/logits/chosen": -0.25827556848526, "train/epoch": 0.65, "train/global_step": 500, "_timestamp": 1709927690.3428001, "_runtime": 8207.024545192719, "_step": 500, "train/train_runtime": 8207.0556, "train/train_samples_per_second": 0.975, "train/train_steps_per_second": 0.061, "train/total_flos": 0.0, "train/train_loss": 0.7935498261302709}